﻿Placas Reais;Qualidade das Imagens;Placas Processadas
PKD5639;;PKD5639
RCO7302;;RC07E02
OUT9002;;RC07EG2
RDC2G93;Moto Ruim;OUT9002
PLS7C87;;RC0E0D2
SJN8J07;;PLS7C87
PLK9G90;;SJN8J07
PLQ2A88;;SJN8JG7
SKH6B80;;PLQ2A88
PLF1594;;SKH6B80
PKU2236;Moto Ruim;SKH6B8D
SJS7B42;Moto Ruim;CAPELINHAORIGINALDABAHIADESDE1972
TAR5C28;Moto Ruim;PLF1594
SJJ8J59;Moto Péssima;RCSOF7
RCS0F70;;RCS0F7O
RCU0H58;;RCSOF70
JSM3697;;RCSGF7O
PLO2C85;;RCUOH58
RPO3B34;;RCUQH58
RPS6C21;;JSM3697
RPQ8A55;;PL02C85
RPV2190;RUIM;RP03B34
JLV5289;RUIM;RPS6C21
RDL1C00;;RPQ8A55
PKM4383;;LRP8A55
PKA6670;;RDL1C10
PKX5538;;RDL1C00
HYY1J98;;PKM4383
;;PKA6
;;PKA6670
;;PKX5538
;;HYY1J98
