﻿PKD5639;;;PKD5639;Informações do Veículo;;;;;;;;
RCO7302;;;RC07E02;Informações do Veículo;;;;;;;;
OUT9002;;;RC07EG2;Informações do Veículo;;;;;;;;
RDC2G93;Moto Ruim;;OUT9002;Informações do Veículo;;;;;Porcentagem de Acertos;;;
PLS7C87;;;RC0E0D2;Informações do Veículo;;;;Sem Ajustes;73%;;;
SJN8J07;;;PLS7C87;Informações do Veículo;;;;Com Ajustes;91%;;;
PLK9G90;;;SJN8J07;Informações do Veículo;;;;;;;;
PLQ2A88;;;SJN8JG7;Informações do Veículo;;;;;;;;
SKH6B80;;;PLQ2A88;Informações do Veículo;;;;;;;;
PLF1594;;;SKH6B80;Informações do Veículo;;;;;;;;
PKU2236;Moto Ruim;;SKH6B8D;Informações do Veículo;;;;;;;;
SJS7B42;Moto Ruim;;CAPELINHAORIGINALDABAHIADESDE1972;Informações do Veículo;;;;;;;;
TAR5C28;Moto Ruim;;PLF1594;Informações do Veículo;;;;;;;;
SJJ8J59;Moto Péssima;;RCSOF7;Informações do Veículo;;;;;;;;
RCS0F70;;;RCS0F7O;Informações do Veículo;;;;;;;;
RCU0H58;;;RCSOF70;Informações do Veículo;;;;;;;;
JSM3697;;;RCSGF7O;Informações do Veículo;;;;;;;;
PLO2C85;;;RCUOH58;Informações do Veículo;;;;;;;;
RPO3B34;;;RCUQH58;Informações do Veículo;;;;;;;;
RPS6C21;;;JSM3697;Informações do Veículo;;;;;;;;
RPQ8A55;;;PL02C85;Informações do Veículo;;;;;;;;
RPV2190;RUIM;;RP03B34;Informações do Veículo;;;;;;;;
JLV5289;RUIM;;RPS6C21;Informações do Veículo;;;;;;;;
RDL1C00;;;RPQ8A55;Informações do Veículo;;;;;;;;
PKM4383;;;LRP8A55;Informações do Veículo;;;;;;;;
PKA6670;;;RDL1C10;Informações do Veículo;;;;;;;;
PKX5538;;;RDL1C00;Informações do Veículo;;;;;;;;
HYY1J98;;;PKM4383;Informações do Veículo;;;;;;;;
;;;PKA6;Informações do Veículo;;;;;;;;
;;;PKA6670;Informações do Veículo;;;;;;;;
;;;PKX5538;Informações do Veículo;;;;;;;;
;;;HYY1J98;Informações do Veículo;;;;;;;;
